0-5,the,45
5-10,there's;a;c-q1;boardplay;for;the;first;time.;sneaking;around;the;age;and;spinning;his;way;up.,76
10-15,it's;about;the;34;yard;line;giving;four;yards;on;that;first;run,61
15-20,here's;where;it's,57
20-25,can't;find;any;more.;now;looks;and;throws;and;the;one;has;a;completion;is;to;vante;smith.,77
25-30,down;from;his;friends;back;paratroopers;bowing;on,58
30-35,"he;is,;money",67
35-40,what;a;great;tackle;by;nick;bolton;on;third;down;not;about,68
40-45,"idea;by;kellan;moore;in;this;eagles;offense.;third;down,;no;blitz;here.",67
45-50,that's;a;pressure.;steps;away.;looking;around.;hertz.,71
50-55,"the;scene;towards;the;mark;not;gonna;get;there.;blank,;hook;came;up;from;the;safety;spot;to;make;that;stop.",64
55-60,hurts;from;the;gun.;dr.;pastro.,55
60-65,"a.j.;brown,;there's;a;penalty;too.",77
65-70,but;brown;with;a;big;play;over;mick;duffy;and;let's;see;if;it;holds.,60
70-75,that's;an;appearance.;offers.;move.,70
75-80,just;getting;off;the;press;on;mcduffie.,64
80-85,don't;like;that;one;bit.,50
85-90,this;is;too;critical;of;a;game.;the;hand.,49
90-95,fighting;is;going;on;down;the;field.;what;do;you;think;mike?;and;certainly;i;agree;with.,64
95-100,you;look;at;their;hands.,66
100-105,"over;the;middle;and;it;has;a;completion;right;away.;you;do;smiths,;sucer,;out;a;couple;of;huge;catches.",77
105-110,"in;the;afc;championship;games,;delivers;with;11;right;off;the;bat.",60
110-115,third;in;nine;for;madrhase;and;my;a,61
115-120,"pressure;steps;away,;running;around;way;back;there.",74
120-125,"as;you;get;said,;it's;up;there;and;it;is;nearly;intercepted;and;it's;incomplete.",71
125-130,yeah;he;said;we;need;our;dbs;to;realize;even;if;the;play;is;going;to;be.,59
130-135,direction;there;in;it.;her;suit;of;the;ball.;here's;her;to;throw.;good.,67
135-140,"that's;time.;over;the;middle;he;goes,;why?;it;opened;his;dallas;counter;and;he's;got;a;connection;at;a;first;step.",74
140-145,indie;chiefs;territory.;it's;been;a;great;impactful;player;for;them.,59
145-150,down;the;stretch.;35.;late;pressure.;pick;up.;hurts.;slings;it;high.,69
150-155,and;got;her;took;a;shot;and;there's;a;penalty.;tread;mcduffy;was;in.,66
155-160,they're;on;the;head;and;that;one;may;have;been;upstairs;to;the;head.,66
160-165,i;don't;like;that;one;either.,51
165-170,what's;coming?;it's;picked;up.;hurts;going;deep;as;a;man.;and;his;car.,69
170-175,daphson;down;there.;he's;in.;touchdown.;fill;it;out;for;ya.,72
175-180,make;that;little;hesitation;stutter;move;and;hurts;fines.,61
180-185,johan;dotson;down;the;field;and;comes;up;a;little;sort;with;the;knee;down.,66
185-190,"job;with;the;quick;replay;to;get;it;right.;but;again,;you;some;of;these;unsubs",63
190-195,heroes;and;right;into;the,59
195-200,"hurts;on;the;sneak,;kyle;drives;his;way;in,;touchdown.",78
200-205,as;well.,55
205-210,3rd;and;3.;the;home's;pressured.,62
210-215,"steps;away;on;the;line.;hi,;it's;incomplete.",69
215-220,they;say;ten;times;a;charm.;here's;her.;it's;looking;at;the;road.;rotate.,66
220-225,smith;makes;it;back;and;back;penalty;is;his;way;for;it;should;be;a;first;down.,71
225-230,from;devonte;smith;who;broke;through;nick;bolton's;tackle.;the;ball;very;accurately.,59
230-235,and;i;five;of;six;with;one;drop.;couldn't;start;any;better;for;hertz.;got;time.,56
235-240,near;side.;thompson;makes;a;second;catch.;spring;goes;first;down.;we're;here.;do;you;have;one;catch;all;points?,77
240-245,season.;it;was;a;touchdown;against;green;bay;and;he's;got;a;couple;big;ones.,59
245-250,maybe;one;way;to;again;use;the;pass;to;soften;up;some;of;this;run;defense.,65
250-255,design;will;i;hurt;it's;a;great;block;from;berkeley;and;then;surges;is;waiting,77
255-260,down;to;the;45;picks;up;9;1-1-1-1-1.,53
260-265,the;piece;come;with;the;blitz.;her;it;seems;it;back;foot;roll;going;for;aj;brown.;it;just-,73
265-270,"accepted;by;cook,;brian;cook,;the;reddit;it;was;under;the;throne;and;he's;got;the;turn.",69
270-275,erste.;ana.;it;will.;like;a;woman;who;gains;in;a;형.;famous;of;these;prostitution;code.,61
275-280,situations.;33.;4;man;rush;on;the;pro;quo;and;complete.,70
280-285,the;lead.;try;to;sneak;it;in;there;to;kelsey;again.;it;doesn't;have;a;catch;yet;and;the;chief.,66
285-290,he's;left;the;pun;in;a;way.;third;and;seven.,55
290-295,"he;scores.;ritz;gosらい;j.;brown,;facts;shoulder.;hold;on",70
295-300,beauty;from;aj;brown.,60
300-305,hurts;gonna;keep;it;himself;being;chased;outside;and;it,72
305-310,great;time;for;that;time;from;justin;reed.;he;was;shot;out;of;a;cannon.,65
310-315,,65
315-320,and;then;i;get;some;movement.;there's;a;fly.;this;kick;does;not;count.,74
320-325,i'm;going;to;stop;this;play.,44
325-330,with;light;from;the;overhead.;it;looked;like;the;offensive;right;side;of;the;chiefs;line;just;move.,66
330-335,right;now;on;the;offense;after;one;of;the;influential;defense;balls;fired;by;the;snapper.,62
335-340,heavy;hospitalancies,59
340-345,"oh,;he;just;drew;it;in;there;and;it's;good.;look;like;it;was...",76
345-350,was;fading;but;he;turned;it;over.;we'll;eat;overhaul;for;the;eagles;and;so;far;looking.,63
350-355,"good;and;first;half;of;this;game.;here's;my;home.;pressure;right;away,;my;home.;in!",71
355-360,joshua;get;home,61
360-365,second;and;14.;four;man;rush.;the;whole;question;again.;sacked;again.,72
365-370,this;time.,59
370-375,way;upward;and;morris;j掰掰,67
375-380,well;looking;firing;into;something;picked;up;by;cooper;gigi,74
380-385,gets;a;block.;dejean;is...,70
385-390,"and,;watch;down!",63
390-395,in;the;world.;they're;just;trying;to;get;him;out;of;the;f***ing.,67
395-400,pocket;to;buy;a;little;time;and;he;sees;the;crossing;route;coming;to;the;left.,68
400-405,but;he;loses;track;of;the;gene;as;he;kind;of;falls;back;and,61
405-410,you;can;see;the;break;and;this;young;stud.,58
410-415,"cooper;dijin,;another;rookie;making;a;huge;impact.",57
415-420,on;third;and;none.;four;man;rush.;pressure;again.,64
420-425,"the;home;is;in;trouble.;the;home;is;set;again,;third;of;the;day.",74
425-430,for;filling;out;the;uh,54
430-435,here's;barclay;who's;been;so;quiet;this;time;at;the;middle;for;a;big;game.,72
435-440,"and;i;know;it's;only;the;second;quarter,;but;this;feels;like;a;monumental;drive;in;the;game.",66
440-445,that;haven't;been;able;to;do;much;today;against;this;very;formidable;tough;chief;defense.,67
445-450,20.;earth;can't;find;it;alone.;now;pressure;tripped;up;nearly;dropped;the;ball.,75
450-455,it's;taken;down.;george;carloftus;got;a;hand;on;him;here.,55
455-460,"two.;whoa,;heath;complete.",71
460-465,inspired;a;rocket;there;to;barclay;and;we;get;penalty;flags.,65
465-470,"after;the;play;was;over,;personal;foul;and;necessary;roughness.;defense;number;32.",70
470-475,15-yard;penalty.;automatically.;he;hits;sequan;a;little;late.,70
475-480,"yeah,;not;much;there.",54
480-485,let's;come;in;everybody's;coming;here.;so;let's;just;fly;and;it's;just;a;bad.,76
485-490,throw.;aj;brown;was;the;intended;receiver;and;the;chiefs;looked;like;they've;got,61
490-495,a;big;stop;and;they;too.;here's;my;home.,58
495-500,four;men;rush;over;the;middle;and;it's;just;something;again.;this;time.,72
500-505,and;the;exact;board;and;the;eagles;are;set;up;inside;the;10.,65
505-510,"little;pressure;here.;step;2,;he;steps;on.",63
510-515,tricked;bond;outstretched;arms.;he's;done;his;best;to;hang;in;there.,65
515-520,"but;again;not;as;natural;position;in;the;pros.;hertz,;let's;it;go,;complete;aj;brown!",73
520-525,"he's;in,;cut;down;eagles.",69
525-530,,63
530-535,aj;brown;coming;across;the;field.,67
535-540,"uncovered,;hurts;finds;him;with;a;nice;throw;right;in;front;of",66
540-545,"one;foot;in;front;of;his;numbers,;bolton;the;closest;guy;in;coverage.;he's;not;keeping;up;with.",66
545-550,the;spist;are;brown.;cyrionian;lakeside.,54
550-555,as;they;should;be.;third;and;11.,61
555-560,"the;home;steps;away;from;pressure;again.;rose;across;his;body,;with;a;man;in;hopkins.",74
560-565,"can't;come;up;with;it.;oh,;he;was;wide;open.;and;now;it's;a;punting;situation.",67
565-570,situation;with;34;seconds;ago.;try;to;tire;this;defensive;line;down.,65
570-575,little;bit.;here's;where;he;is.;he;breaks;the;tackle.;he's;got;great;speed.;he's;got;a;first;down.;there's;second.,71
575-580,know;the;game;you;can;maybe;gain;an;extra;possession;or;two;in;the;game.,63
580-585,"pressure;again,;the;whole;dropped;again.;4-7;of;the;game.",72
585-590,"phil;and;alphia,;it's;jordan;davis;that;time.;picking;the;shut;out;so;full.",64
590-595,it's;pushing;again!,69
595-600,no.;5,60
600-605,the;home.;no;one's;open.;the;home.;no;one's;open.;the;home.;the;home.;no;one's;open.,68
605-610,but;the,68
610-615,look;at;this;run;by;the;horns.;it's;going;to;come;up;well.;sure;goes;a;great;effort.,67
615-620,third;and;five.;blitzkumning.;hearts;in;trouble.,63
620-625,and;susan;is;going;to;run;for;a;first;down;and;a;lot;more.;first;sliding;out;across;the;40.,78
625-630,and;six;cents;kicked;in;there;as;he;was;about;to;be;hit;and;he;turned;it;into;a;16-yard,65
630-635,and;we;saw;him;a;lot;in;the;year;kb;you;and;i;to;great;care.,60
635-640,football.;it's;going;to;need;to;continue;to;do;that;here;in;the;second;half.;barclay;up;the;middle.,68
640-645,he's;got;a;first;out;inside;the;45.;he;goes;his;way.,72
645-650,lars;wong;is;for;the;day;time,59
650-655,"come;with;it.;fertz,;sense;is;not;allowed;again.;a;big;scene.;jalen;hurts;down.",72
655-660,25.;well;that's;his;answer;to;the;old;outblist;is;why;it;right;up;the;good.;wow.,70
660-665,hurts,47
665-670,looking;deep.;now;it's;going;to;flow;up;for;buckley.;who?,76
670-675,"hey,;zahn,;falling;backwards;down;to;the;floor.",75
675-680,but;after;that;rough,57
680-685,"looking;around,;can't;find;anyone.;no;one's;open.",73
685-690,and;herzgen;tri-win;in;there;and;his;clopper;he's;out;of;bounds;as;zavante;smith.,65
690-695,was;out;of;play;until;they'll;send;on;the;field;goal;unit;with;jake;elliott.,60
695-700,from;the,65
700-705,27;nothing;to;buy;a;little;bit;of;time;but;nothing;there;as;he;moves;up,71
705-710,the;pocket;this;time;they're;all;my;homes;looking;around;on;the;one;has;a;completion;and;a;first,73
710-715,that's;a;good;start;as;deandre;hopkins;has;his;first;catch;first,57
715-720,pressure;again.,69
720-725,"steps;away;somehow,;count;before;i;go;back;behind;the;line.;the;home's;dancing;around.",78
725-730,still;hiding;speed.;look;at;my;homes.;not;a;first;down;one.;and;at;the;bottom.,79
730-735,out;and;they;still,46
735-740,with;it;to;the;cheese;but;now;we'll;see;the;penalty.;didn't;know;there's;a;whole;thing.,58
740-745,r-pants;number;74.;federalist;10;yards;from;the;previous;spot.,63
745-750,they;get;it;onto;one;taylor;on;brandon;graham.;kind;of;bare;hugs;them;but.,56
750-755,"as;patrick;escapes,;he's;just;holding;onto;that;ball,;doing;everything;he;can.",64
755-760,to;allow;his;guys;down;the;field;to;get;open.,59
760-765,curriculum.;to;set;council;on;further;attack;by;what;those;people;i;just;said;just;a;package;for;children;over;the;middle;of;why;profit;the;first;com-,72
765-770,"he's;a;police;officer,;but;he's;short;of;a;first;down.;and;they;gotta;go.",60
770-775,the;home's;far;south;of;the;field.;it's;not;the;way.,70
775-780,"now,;but;hey,;maddox;and;the;eagles;take;over.",65
780-785,lower;leg;area;and;the;maddox;comes;in;and;picks;a;huge;play;now;the;eagles;get;it;back.;we're;gonna;run,63
785-790,"some;clock;or;maybe;throw;the;dagger,;hurt,;going;deep,;put;it;all;to;my;taste.",74
790-795,he;has;got;it;touchdown.,64
795-800,wow!;yeah!,66
800-805,"but;the;vade;smith,;everyone;thinks,;st.;quant's;getting;the;ball.;hurts.",68
805-810,again;has;all;the;time;in;the;world;and;he;makes;the;throw;of,66
810-815,"his;life,;jaylen;watson,;smith;beatsum.",59
815-820,one;of;the;unsolved;misreceivers;in;the;nfl.,68
820-825,with;maybe;what;could;be;the;dagger;today.,56
825-830,for;this;eagles;offense;in;this;chief;defense.;wow.,54
830-835,everyone;in;the;world;thought;they;were;going;to;run.;here's;my;homes.,62
835-840,"loan;enough,;gotta;take;a;shot,;has;worthy;open.;he's;got;it!",72
840-845,they;weren't;the;big;play;and;the;first;one;for;the;chiefsall;day;and;they're;finally;at;eagles;10.,74
845-850,the;territory.,54
850-855,i;don't;think;about;it.;i'm;going;to;run;a;little;shovel.,73
855-860,"oh;beauty,;kelsey's;got;it;for;her;first;time.;i;shut;it;behind;him;wide.",71
860-865,and;that'll;keep;the;drive;on;going.;you;still;want;to;go;down;here;and;deliver;in;the;last;15;minutes.,64
865-870,three;minutes;to;this;game.;pressure;from;brandon;graham.;the;home;is;racing;away.,67
870-875,from;here.;flows;on;the;run;across;his;body.;it;is;car;for;the;touchdown.,76
875-880,worthy;and;the;chiefs;are;finally;on;the;board.,59
880-885,what's;happening?;all;chips.,64
885-890,��;and;the,63
890-895,gets;it;out;to;barclay.;get's;a;good;block;from;goddard;and;barclay;has;his-,77
895-900,for;first;down,54
900-905,"let's;come;in,;hertz,;back;pedal,;throws,;aj;brown,;beats;the;bridge.",73
905-910,and;beats;mcdeffey;for;a;first;down.;round's;got;to;touch;the-,61
910-915,today;that's;just;developing;these;offensive;linemen;as;they;happen;to;the;best;unit;in;the;league.,61
915-920,"he's;running;away,;gonna;take;it;himself.;gets;by,;dad!;he's;still;in;back.",72
920-925,he's;got;to;first;down;and;then;some.;only;eagles;put;her;back;to;play.,65
925-930,two;super;balls.;third;down;here;he's;going;to;run;to;barclay;and;again;just;swarmed;by;the;chief.,69
930-935,rosen;two;offense.;steven;pimbra;poeter,51
935-940,48;drills;it;up;and;good.,71
940-945,i'll;never;buy;another;two-stake;again.;i;promise;you;that.;so;here's;my;home.;what's;he;got?,64
945-950,pressure;again.;jack!;ball;is;out!;and;the;eagles;have...,77
950-955,militim;williams;with;a;strip;sack.;so;much;price.,63
955-960,for;milling;the;williams;on;caliendo;and;patrick's;trying;to;get;one;of;those,77
960-965,explosive;plays;that;this;team;just;does;not;give;up.,72
965-970,you;get;in;these;situations;and;you;get;a;little;bit;desperate,60
970-975,with;only;nine;minutes;and;45;seconds;left;on;the;clock;and,58
975-980,this;is;what;happens;with;this;defense.;we've;seen;it;all;year.,64
980-985,tonight.,52
985-990,"strike;give;barclay;in;trouble;in;the;battlefield.;barclay;fighting;through;tackles,;but;not;gonna;go.",77
990-995,anywhere;there;as;wharton;is;there.;we;make;it;a;five;possession;game.,66
995-1000,kelly;is;kick;is;off;it;is;drill;it's;good,67
1000-1005,they;obviously;have;a;great;dynasty.,59
1005-1010,it;was;worthy.;it's;got;another;first;down;to;the;42.;they;have;been,65
1010-1015,as;good;as;anyone;in;the;nfl.;here's;my;home.;gonna;hand;it;off;to;p.;ron.;and;p.;ron's;gonna...,76
1015-1020,i;pick;up;the;first;down;as;we;go;under;five;minutes;left;in;this;game.,51
1020-1025,"blitz,;my;home's;deck;gets;wet;a;bit,;throws;at;a;completion;of;her;first;hour.",69
1025-1030,holy;what;brown;has;it;out;around;the;11;yard;line;keep;the;drive;going;to;sack;ball,68
1030-1035,the;ball;came;in.;the;holes.,58
1035-1040,rose;corner;is;called;for;the;touchdown;deandre,79
1040-1045,hopkins;holds;it;in.;you;guys;did;all;right.;you're;gonna;go;for;two;here.,64
1045-1050,players.,69
1050-1055,"and;his;cup;of;his;penaltly;flag,;watson;has;it;for;now;for;the;two.",53
1055-1060,jesus;go;outside;kick;here;leo;chanel;was;kicking;it;actually;in;the;ball.,72
1060-1065,is;out;there;and;still;on;the;ground.;who;do;you;at;it?;find;out.,68
1065-1070,how;about;leo;chanel;doing;the;kick?;dave;toe;points;them;out;of;the;bag;and;the;ego.,52
1070-1075,have;it;so;they'll;take;over;the;250;to;go.;eagles;are;just;looking;to;wrap;it;up.,67
1075-1080,can;he;pick;it;in;a;quarter;back;on;fourth;down;he's;going;to;throw;it;in;it's;incomplete;and;the;chief,65
1080-1085,we'll;get;it;back.;the;home;still;in;the;game.,56
1085-1090,back;to;the;load;and;up;going;to;take;a;shot;for;where;they;deep;down;the;field.,71
1090-1095,it's;got;the;hell!;wow!;exhaust;your;world!,75
1095-1100,with;the;long;touchdown;from;the;holmes;50;yards.,52
1100-1105,great;throw;by;patrick.;got;worthy;just;stretching;the;defense.,75
1105-1110,that;a;few;of;the;reserves;in;there.;the;patrick;doesn't;care.;he's;going;out;there.,77
1110-1115,to;compete;a;little;time;to;throw.;he;knows;where;that;speed;is.,57
1115-1120,and;drops;one;in;the;bucket.,43
1120-1125,what;a;throw.,40
1125-1130,the;homes;are;throw;it;and;hopkins;comes;down;with;it;for;the;two-point,77
1130-1135,version.;would;be;surprised;if;they;have;more;chances;getting;back;here.,66
1135-1140,but;alongside;kick;recover;by;the;eagles;and;that;will;do;it.,68
1140-1145,yeah.;yeah.;yeah.;that's;it.;yeah.,48
1145-1150,for;the;second;time.;the;vince;lombardi;trophy;is;headed;to;philadelphia.,87
1150-1155,eagles;fly;in;super;bowl;59.,82
1155-1160,thank;you;guys.,52
1160-1165,thank;you.,58
1165-1170,,58
1170-1172,,59
